【合租】明德门 唐园假日新城 4室主卧,唐园假日新城,1099,http://xa.58.com/pinpaigongyu/31681952726187x.shtml?psid=147145745198013963144621933
【合租】国展中心 联盟新城 4室主卧,联盟新城,1100,http://xa.58.com/pinpaigongyu/31475076343996x.shtml?psid=147145745198013963144621933
【合租】太白小区 西荷花园 3室次卧,西荷花园,1100,http://xa.58.com/pinpaigongyu/31814371807691x.shtml?psid=147145745198013963144621933
【合租】明德门 唐园假日新城 4室主卧,唐园假日新城,1099,http://xa.58.com/pinpaigongyu/31475121526347x.shtml?psid=147145745198013963144621933
【合租】三爻 交通南苑 4室主卧,交通南苑,1200,http://xa.58.com/pinpaigongyu/31528198275651x.shtml?psid=147145745198013963144621933
【合租】电视塔 省直机关三爻小区 3室次卧,省直机关三爻小区,1000,http://xa.58.com/pinpaigongyu/31705982276396x.shtml?psid=147145745198013963144621933
【合租】电子城 大华阳光曼哈顿 5室次卧,大华阳光曼哈顿,1200,http://xa.58.com/pinpaigongyu/31528182470080x.shtml?psid=147145745198013963144621933
【合租】明德门 长丰园小区 3室次卧,长丰园小区,1100,http://xa.58.com/pinpaigongyu/32058516159409x.shtml?psid=147145745198013963144621933
【合租】丁白路 御笔华府 4室主卧,御笔华府,1200,http://xa.58.com/pinpaigongyu/31528187734973x.shtml?psid=147145745198013963144621933
【合租】电子城 大华阳光曼哈顿 5室主卧,大华阳光曼哈顿,1200,http://xa.58.com/pinpaigongyu/31528199677628x.shtml?psid=147145745198013963144621933
【合租】杨家村 中泰嘉苑 4室次卧,中泰嘉苑,1000,http://xa.58.com/pinpaigongyu/31670577610695x.shtml?psid=147145745198013963144621933
【整租】好熙家 电子正街 梦想城秦3,电子正街,1000-1496,http://xa.58.com/pinpaigongyu/31696614131520x.shtml?psid=147145745198013963144621933
【合租】等驾坡 海德堡PARK 4室主卧,海德堡PARK,1100,http://xa.58.com/pinpaigongyu/31563624408120x.shtml?psid=147145745198013963144621933
【合租】电视塔 华城泊郡 5室主卧,华城泊郡,1000,http://xa.58.com/pinpaigongyu/32082379297220x.shtml?psid=147145745198013963144621933
【整租】电子正街 梦想城 1室0厅,梦想城,1496,http://xa.58.com/pinpaigongyu/31582723818192x.shtml?psid=147145745198013963144621933
【整租】青稞公寓 电子正街 梦想城WW,电子正街,1100-1300,http://xa.58.com/pinpaigongyu/32050097954634x.shtml?psid=147145745198013963144621933
【整租】电子正街 梦想城 1室0厅,梦想城,1496,http://xa.58.com/pinpaigongyu/31486502907196x.shtml?psid=147145745198013963144621933
【合租】明德门 雅兰花园 4室主卧,雅兰花园,1200,http://xa.58.com/pinpaigongyu/32080181029306x.shtml?psid=147145745198013963144621933
【合租】等驾坡 海德堡PARK 4室主卧,海德堡PARK,1050,http://xa.58.com/pinpaigongyu/32080150809798x.shtml?psid=147145745198013963144621933
【整租】好熙家 电子正街 梦想城总店,电子正街,1100-1500,http://xa.58.com/pinpaigongyu/31729292113961x.shtml?psid=147145745198013963144621933
【合租】西影路 凯森福景雅苑 4室主卧,凯森福景雅苑,1100,http://xa.58.com/pinpaigongyu/32082706362048x.shtml?psid=169626539198013963207894525
【合租】明德门 铭城16号 4室主卧,铭城16号,1050,http://xa.58.com/pinpaigongyu/31681951071312x.shtml?psid=169626539198013963207894525
【合租】鱼化寨 旭景碧泽园 4室主卧,旭景碧泽园,1300,http://xa.58.com/pinpaigongyu/31650285281741x.shtml?psid=169626539198013963207894525
【合租】西影路 凯森福景雅苑 4室主卧,凯森福景雅苑,1100,http://xa.58.com/pinpaigongyu/32083879642026x.shtml?psid=169626539198013963207894525
【合租】电子城 馨园二号 4室次卧,馨园二号,1050,http://xa.58.com/pinpaigongyu/31528176250572x.shtml?psid=169626539198013963207894525
【合租】三爻 交通南苑 4室次卧,交通南苑,1200,http://xa.58.com/pinpaigongyu/31528174292659x.shtml?psid=169626539198013963207894525
【合租】明德门 唐园假日新城 4室次卧,唐园假日新城,1100,http://xa.58.com/pinpaigongyu/31681927993647x.shtml?psid=169626539198013963207894525
【合租】鱼化寨 旭景碧泽园 4室主卧,旭景碧泽园,1300,http://xa.58.com/pinpaigongyu/31681886886442x.shtml?psid=169626539198013963207894525
【合租】电视塔 长丰园小区 4室次卧,长丰园小区,1100,http://xa.58.com/pinpaigongyu/31681967563198x.shtml?psid=169626539198013963207894525
【合租】等驾坡 鑫龙天然居南区 4室次卧,鑫龙天然居南区,1100,http://xa.58.com/pinpaigongyu/32082880027950x.shtml?psid=169626539198013963207894525
【合租】等驾坡 海德堡 4室主卧,海德堡,1200,http://xa.58.com/pinpaigongyu/31729499413065x.shtml?psid=169626539198013963207894525
【整租】好熙家 电子正街 梦想城总店,电子正街,1100-1500,http://xa.58.com/pinpaigongyu/31729292113961x.shtml?psid=169626539198013963207894525
【合租】电子城 高速太白锦苑 4室主卧,高速太白锦苑,1000,http://xa.58.com/pinpaigongyu/32058311984302x.shtml?psid=169626539198013963207894525
【合租】等驾坡 海德堡PARK 4室主卧,海德堡PARK,1200,http://xa.58.com/pinpaigongyu/32072073379124x.shtml?psid=169626539198013963207894525
【整租】电子正街 梦想城 1室0厅,梦想城,1378,http://xa.58.com/pinpaigongyu/31486380015034x.shtml?psid=169626539198013963207894525
【整租】青稞公寓 电子正街 梦想城C,电子正街,1100-1400,http://xa.58.com/pinpaigongyu/32083121150798x.shtml?psid=169626539198013963207894525
【合租】等驾坡 海德堡 4室次卧,海德堡,1100,http://xa.58.com/pinpaigongyu/31814772933711x.shtml?psid=169626539198013963207894525
【整租】电子正街 梦想城 1室0厅,梦想城,1378,http://xa.58.com/pinpaigongyu/31474467109561x.shtml?psid=169626539198013963207894525
【合租】电视塔 长丰园小区 3室主卧,长丰园小区,1000,http://xa.58.com/pinpaigongyu/31947294801195x.shtml?psid=169626539198013963207894525
【整租】电子正街 梦想城 1室0厅,梦想城,1378,http://xa.58.com/pinpaigongyu/31485176496825x.shtml?psid=169626539198013963207894525
【合租】西影路 凯森福景雅苑 4室次卧,凯森福景雅苑,1000,http://xa.58.com/pinpaigongyu/32082723695035x.shtml?psid=134406960198013963292298286
【合租】电子城 怡兴大厦 4室次卧,怡兴大厦,1000,http://xa.58.com/pinpaigongyu/32058617580733x.shtml?psid=134406960198013963292298286
【合租】吉祥路 吉祥馨苑 4室次卧,吉祥馨苑,1000,http://xa.58.com/pinpaigongyu/32058503404613x.shtml?psid=134406960198013963292298286
【合租】丁白路 御笔华府 4室次卧,御笔华府,1150,http://xa.58.com/pinpaigongyu/31528175398979x.shtml?psid=134406960198013963292298286
【合租】鱼化寨 旭景碧泽园 4室主卧,旭景碧泽园,1300,http://xa.58.com/pinpaigongyu/31681852149310x.shtml?psid=134406960198013963292298286
【合租】三爻 交通南苑 4室次卧,交通南苑,1200,http://xa.58.com/pinpaigongyu/31528217277520x.shtml?psid=134406960198013963292298286
【合租】三爻 省直机关三爻小区 3室主卧,省直机关三爻小区,1000,http://xa.58.com/pinpaigongyu/31706061777592x.shtml?psid=134406960198013963292298286
【整租】电子正街 梦想城 1室0厅,梦想城,1442,http://xa.58.com/pinpaigongyu/31417868811316x.shtml?psid=134406960198013963292298286
【整租】好熙家 电子正街 梦想城总店,电子正街,1000-1496,http://xa.58.com/pinpaigongyu/31707511632588x.shtml?psid=134406960198013963292298286
【整租】电子正街 梦想城 1室0厅,梦想城,1378,http://xa.58.com/pinpaigongyu/31463722624069x.shtml?psid=134406960198013963292298286
【整租】电子正街 梦想城 1室0厅,梦想城,1205,http://xa.58.com/pinpaigongyu/32091654223414x.shtml?psid=134406960198013963292298286
【整租】电子正街 梦想城 1室0厅,梦想城,1496,http://xa.58.com/pinpaigongyu/31417805280309x.shtml?psid=134406960198013963292298286
【整租】青稞公寓 电子正街 梦想城C,电子正街,1270-1496,http://xa.58.com/pinpaigongyu/32083069773878x.shtml?psid=134406960198013963292298286
【整租】电子正街 梦想城 1室0厅,梦想城,1378,http://xa.58.com/pinpaigongyu/31574404478509x.shtml?psid=134406960198013963292298286
【整租】电子正街 梦想城 1室0厅,梦想城,1378,http://xa.58.com/pinpaigongyu/31463765507024x.shtml?psid=134406960198013963292298286
【整租】电子正街 梦想城 1室0厅,梦想城,1496,http://xa.58.com/pinpaigongyu/32082089035190x.shtml?psid=134406960198013963292298286
【整租】电子正街 梦想城 1室0厅,梦想城,1496,http://xa.58.com/pinpaigongyu/31538589421373x.shtml?psid=134406960198013963292298286
【整租】电子正街 梦想城 1室0厅,梦想城,1378,http://xa.58.com/pinpaigongyu/31406453360067x.shtml?psid=134406960198013963292298286
【整租】电子正街 梦想城 1室0厅,梦想城,1496,http://xa.58.com/pinpaigongyu/31549831292216x.shtml?psid=134406960198013963292298286
【整租】电子正街 梦想城 1室0厅,梦想城,1496,http://xa.58.com/pinpaigongyu/31496221075273x.shtml?psid=134406960198013963292298286
【整租】电子正街 梦想城 1室1厅,梦想城,1300,http://xa.58.com/pinpaigongyu/32047633565383x.shtml?psid=157106474198013963468350162
【整租】好熙家 电子正街 梦想城总店,电子正街,1000-1500,http://xa.58.com/pinpaigongyu/31707515441737x.shtml?psid=157106474198013963468350162
【整租】电子正街 梦想城 1室0厅,梦想城,1378,http://xa.58.com/pinpaigongyu/31584055288522x.shtml?psid=157106474198013963468350162
【整租】电子正街 梦想城 1室0厅,梦想城,1300,http://xa.58.com/pinpaigongyu/31583895314475x.shtml?psid=157106474198013963468350162
【整租】电子正街 梦想城 1室0厅,梦想城,1400,http://xa.58.com/pinpaigongyu/31419476791094x.shtml?psid=157106474198013963468350162
【整租】青稞公寓 电子正街 梦想城总店F,电子正街,1100-1200,http://xa.58.com/pinpaigongyu/32028148455373x.shtml?psid=157106474198013963468350162
【整租】电子正街 梦想城 1室0厅,梦想城,1400,http://xa.58.com/pinpaigongyu/31406335053752x.shtml?psid=157106474198013963468350162
【整租】电子正街 梦想城 1室0厅,梦想城,1496,http://xa.58.com/pinpaigongyu/31494692835910x.shtml?psid=157106474198013963468350162
【整租】电子正街 梦想城 1室0厅,梦想城,1200,http://xa.58.com/pinpaigongyu/32039046438350x.shtml?psid=157106474198013963468350162
【整租】电子正街 梦想城 1室0厅,梦想城,1496,http://xa.58.com/pinpaigongyu/31538615945144x.shtml?psid=157106474198013963468350162
【整租】电子正街 梦想城 1室0厅,梦想城,1100,http://xa.58.com/pinpaigongyu/32082490348717x.shtml?psid=157106474198013963468350162
【整租】电子正街 梦想城 1室0厅,梦想城,1200,http://xa.58.com/pinpaigongyu/31726480637008x.shtml?psid=157106474198013963468350162
【整租】电子正街 梦想城 1室0厅,梦想城,1496,http://xa.58.com/pinpaigongyu/31419463747781x.shtml?psid=157106474198013963468350162
【整租】电子正街 梦想城 1室0厅,梦想城,1378,http://xa.58.com/pinpaigongyu/31062698532283x.shtml?psid=157106474198013963468350162
【整租】电子正街 梦想城 1室0厅,梦想城,1496,http://xa.58.com/pinpaigongyu/32047257563565x.shtml?psid=157106474198013963468350162
【整租】电子正街 梦想城 1室0厅,梦想城,1378,http://xa.58.com/pinpaigongyu/31494681414978x.shtml?psid=157106474198013963468350162
【整租】电子正街 梦想城 1室0厅,梦想城,1496,http://xa.58.com/pinpaigongyu/31484836461496x.shtml?psid=157106474198013963468350162
【整租】电子正街 梦想城 1室1厅,梦想城,1496,http://xa.58.com/pinpaigongyu/31417763562670x.shtml?psid=157106474198013963468350162
【整租】电子正街 梦想城 1室1厅,梦想城,1496,http://xa.58.com/pinpaigongyu/32039141733815x.shtml?psid=157106474198013963468350162
【整租】电子正街 梦想城 1室0厅,梦想城,1378,http://xa.58.com/pinpaigongyu/31342211357002x.shtml?psid=157106474198013963468350162
【整租】电子正街 梦想城 1室0厅,梦想城,1378,http://xa.58.com/pinpaigongyu/31683207617206x.shtml?psid=155461788198013963525875596
【整租】好熙家 电子正街 梦想城L1,电子正街,1376-1496,http://xa.58.com/pinpaigongyu/31707448975277x.shtml?psid=155461788198013963525875596
【整租】电子正街 梦想城 1室0厅,梦想城,1100,http://xa.58.com/pinpaigongyu/31693975493962x.shtml?psid=155461788198013963525875596
【整租】电子正街 梦想城 1室0厅,梦想城,1378,http://xa.58.com/pinpaigongyu/31340557140797x.shtml?psid=155461788198013963525875596
【整租】电子正街 梦想城 1室0厅,梦想城,1378,http://xa.58.com/pinpaigongyu/31372791818063x.shtml?psid=155461788198013963525875596
【整租】青稞公寓 电子正街 梦想城F,电子正街,1100-1496,http://xa.58.com/pinpaigongyu/32005841010242x.shtml?psid=155461788198013963525875596
【整租】电子正街 梦想城 1室0厅,梦想城,1496,http://xa.58.com/pinpaigongyu/31174956629041x.shtml?psid=155461788198013963525875596
【整租】电子正街 梦想城 1室0厅,梦想城,1378,http://xa.58.com/pinpaigongyu/31372620784207x.shtml?psid=155461788198013963525875596
【整租】电子正街 梦想城 1室0厅,梦想城,1496,http://xa.58.com/pinpaigongyu/31341418252751x.shtml?psid=155461788198013963525875596
【整租】电子正街 梦想城 1室0厅,梦想城,1496,http://xa.58.com/pinpaigongyu/31329810715311x.shtml?psid=155461788198013963525875596
【整租】电子正街 梦想城 1室0厅,梦想城,1496,http://xa.58.com/pinpaigongyu/31318475884343x.shtml?psid=155461788198013963525875596
【整租】电子正街 梦想城 1室0厅,梦想城,1378,http://xa.58.com/pinpaigongyu/31760070867763x.shtml?psid=155461788198013963525875596
【整租】电子正街 梦想城 1室0厅,梦想城,1496,http://xa.58.com/pinpaigongyu/31175075361743x.shtml?psid=155461788198013963525875596
【整租】电子正街 梦想城 1室0厅,梦想城,1496,http://xa.58.com/pinpaigongyu/31427512474036x.shtml?psid=155461788198013963525875596
【整租】电子正街 梦想城 1室0厅,梦想城,1200,http://xa.58.com/pinpaigongyu/31439499151434x.shtml?psid=155461788198013963525875596
【整租】电子正街 梦想城 1室0厅,梦想城,1378,http://xa.58.com/pinpaigongyu/31461689770942x.shtml?psid=155461788198013963525875596
【整租】电子正街 梦想城 1室0厅,梦想城,1496,http://xa.58.com/pinpaigongyu/31427617298221x.shtml?psid=155461788198013963525875596
【整租】电子正街 梦想城 1室0厅,梦想城,1378,http://xa.58.com/pinpaigongyu/31462290214836x.shtml?psid=155461788198013963525875596
【整租】电子正街 梦想城 1室0厅,梦想城,1200,http://xa.58.com/pinpaigongyu/31427495670211x.shtml?psid=155461788198013963525875596
【整租】电子正街 梦想城 1室0厅,梦想城,1496,http://xa.58.com/pinpaigongyu/31431265146034x.shtml?psid=155461788198013963525875596
【整租】电子正街 梦想城 1室0厅,梦想城,1200,http://xa.58.com/pinpaigongyu/31438890317750x.shtml?psid=126351485198013963583330791
【整租】好熙家 电子正街 梦想城秦,电子正街,1000-1496,http://xa.58.com/pinpaigongyu/31696525049386x.shtml?psid=126351485198013963583330791
【整租】电子正街 梦想城 1室0厅,梦想城,1200,http://xa.58.com/pinpaigongyu/31427774433714x.shtml?psid=126351485198013963583330791
【整租】电子正街 梦想城 1室0厅,梦想城,1496,http://xa.58.com/pinpaigongyu/31431230501825x.shtml?psid=126351485198013963583330791
【整租】电子正街 梦想城 1室0厅,梦想城,1200,http://xa.58.com/pinpaigongyu/31431255864510x.shtml?psid=126351485198013963583330791
【整租】青稞公寓 电子正街 梦想城总店F,电子正街,1100-1560,http://xa.58.com/pinpaigongyu/32057998507954x.shtml?psid=126351485198013963583330791
【整租】电子正街 梦想城 1室0厅,梦想城,1442,http://xa.58.com/pinpaigongyu/31431282047178x.shtml?psid=126351485198013963583330791
【整租】电子正街 梦想城 1室0厅,梦想城,1378,http://xa.58.com/pinpaigongyu/31439178096453x.shtml?psid=126351485198013963583330791
【整租】电子正街 梦想城 1室0厅,梦想城,1100,http://xa.58.com/pinpaigongyu/31427503572667x.shtml?psid=126351485198013963583330791
【整租】电子正街 梦想城 1室0厅,梦想城,1378,http://xa.58.com/pinpaigongyu/31427783563954x.shtml?psid=126351485198013963583330791
【整租】电子正街 梦想城 1室0厅,梦想城,1496,http://xa.58.com/pinpaigongyu/31439121975368x.shtml?psid=126351485198013963583330791
【整租】电子正街 梦想城 1室0厅,梦想城,1200,http://xa.58.com/pinpaigongyu/31439201354055x.shtml?psid=126351485198013963583330791
【整租】电子正街 梦想城 1室0厅,梦想城,1496,http://xa.58.com/pinpaigongyu/31438908925738x.shtml?psid=126351485198013963583330791
【整租】电子正街 梦想城 1室0厅,梦想城,1100,http://xa.58.com/pinpaigongyu/31431271245119x.shtml?psid=126351485198013963583330791
【整租】电子正街 梦想城 1室0厅,梦想城,1200,http://xa.58.com/pinpaigongyu/31439097297598x.shtml?psid=126351485198013963583330791
【整租】电子正街 梦想城 1室0厅,梦想城,1100,http://xa.58.com/pinpaigongyu/31439483327683x.shtml?psid=126351485198013963583330791
【整租】电子正街 梦想城 1室0厅,梦想城,1378,http://xa.58.com/pinpaigongyu/31427561065923x.shtml?psid=126351485198013963583330791
【整租】电子正街 梦想城 1室0厅,梦想城,1200,http://xa.58.com/pinpaigongyu/31427523377089x.shtml?psid=126351485198013963583330791
【整租】电子正街 梦想城 1室0厅,梦想城,1496,http://xa.58.com/pinpaigongyu/31439146087874x.shtml?psid=126351485198013963583330791
【整租】电子正街 梦想城 1室0厅,梦想城,1378,http://xa.58.com/pinpaigongyu/31484618602060x.shtml?psid=126351485198013963583330791
【整租】电子正街 梦想城 1室0厅,梦想城,1200,http://xa.58.com/pinpaigongyu/31560551781709x.shtml?psid=179086873198013963633944893
【整租】青稞公寓 电子正街 梦想城总店F,电子正街,1100-1200,http://xa.58.com/pinpaigongyu/32038967263423x.shtml?psid=179086873198013963633944893
【整租】电子正街 梦想城 1室0厅,梦想城,1400,http://xa.58.com/pinpaigongyu/31409003472555x.shtml?psid=179086873198013963633944893
【整租】电子正街 梦想城 1室0厅,梦想城,1200,http://xa.58.com/pinpaigongyu/31418389366728x.shtml?psid=179086873198013963633944893
【整租】电子正街 梦想城 1室0厅,梦想城,1378,http://xa.58.com/pinpaigongyu/31484406019394x.shtml?psid=179086873198013963633944893
【整租】好熙家 电子正街 梦想城L2,电子正街,1376-1496,http://xa.58.com/pinpaigongyu/31718620274631x.shtml?psid=179086873198013963633944893
【整租】电子正街 梦想城 1室0厅,梦想城,1100,http://xa.58.com/pinpaigongyu/31484630813745x.shtml?psid=179086873198013963633944893
【整租】电子正街 梦想城 1室0厅,梦想城,1200,http://xa.58.com/pinpaigongyu/31494628388159x.shtml?psid=179086873198013963633944893
【整租】电子正街 梦想城 1室0厅,梦想城,1200,http://xa.58.com/pinpaigongyu/31494638443062x.shtml?psid=179086873198013963633944893
【整租】电子正街 梦想城 1室0厅,梦想城,1300,http://xa.58.com/pinpaigongyu/31408989296196x.shtml?psid=179086873198013963633944893
【整租】电子正街 梦想城 1室0厅,梦想城,1200,http://xa.58.com/pinpaigongyu/31527440734008x.shtml?psid=179086873198013963633944893
【整租】电子正街 梦想城 1室0厅,梦想城,1496,http://xa.58.com/pinpaigongyu/31484540569007x.shtml?psid=179086873198013963633944893
【整租】电子正街 梦想城 1室0厅,梦想城,1200,http://xa.58.com/pinpaigongyu/31408976849615x.shtml?psid=179086873198013963633944893
【整租】电子正街 梦想城 1室0厅,梦想城,1100,http://xa.58.com/pinpaigongyu/31484478440261x.shtml?psid=179086873198013963633944893
【整租】电子正街 梦想城 1室0厅,梦想城,1378,http://xa.58.com/pinpaigongyu/32038727293129x.shtml?psid=179086873198013963633944893
【整租】电子正街 梦想城 1室0厅,梦想城,1496,http://xa.58.com/pinpaigongyu/31408962596525x.shtml?psid=179086873198013963633944893
【整租】电子正街 梦想城 1室0厅,梦想城,1378,http://xa.58.com/pinpaigongyu/31439498571823x.shtml?psid=179086873198013963633944893
【整租】电子正街 梦想城 1室0厅,梦想城,1200,http://xa.58.com/pinpaigongyu/32038647974854x.shtml?psid=179086873198013963633944893
【整租】电子正街 梦想城 1室0厅,梦想城,1378,http://xa.58.com/pinpaigongyu/31386317478063x.shtml?psid=179086873198013963633944893
【整租】电子正街 梦想城 1室0厅,梦想城,1400,http://xa.58.com/pinpaigongyu/31484592638926x.shtml?psid=179086873198013963633944893
【整租】电子正街 梦想城 1室0厅,梦想城,1200,http://xa.58.com/pinpaigongyu/31374935356100x.shtml?psid=148280799198013963683893154
【整租】青稞公寓 电子正街 梦想城总店F,电子正街,1100-1380,http://xa.58.com/pinpaigongyu/32050365440567x.shtml?psid=148280799198013963683893154
【整租】电子正街 梦想城 1室0厅,梦想城,1100,http://xa.58.com/pinpaigongyu/31527432895814x.shtml?psid=148280799198013963683893154
【整租】电子正街 梦想城 1室0厅,梦想城,1496,http://xa.58.com/pinpaigongyu/31494650698668x.shtml?psid=148280799198013963683893154
【整租】电子正街 梦想城 1室1厅,梦想城,1200,http://xa.58.com/pinpaigongyu/32083342295994x.shtml?psid=148280799198013963683893154
【整租】好熙家 电子正街 梦想城05,电子正街,1378-1496,http://xa.58.com/pinpaigongyu/31729766758829x.shtml?psid=148280799198013963683893154
【整租】电子正街 梦想城 1室0厅,梦想城,1378,http://xa.58.com/pinpaigongyu/31427927809961x.shtml?psid=148280799198013963683893154
【整租】电子正街 梦想城 1室0厅,梦想城,1200,http://xa.58.com/pinpaigongyu/31329786005553x.shtml?psid=148280799198013963683893154
【整租】电子正街 梦想城 1室0厅,梦想城,1200,http://xa.58.com/pinpaigongyu/31329801962038x.shtml?psid=148280799198013963683893154
【整租】电子正街 梦想城 1室0厅,梦想城,1200,http://xa.58.com/pinpaigongyu/31329709465274x.shtml?psid=148280799198013963683893154
【整租】电子正街 梦想城 1室0厅,梦想城,1496,http://xa.58.com/pinpaigongyu/32092213444672x.shtml?psid=148280799198013963683893154
【整租】电子正街 梦想城 1室0厅,梦想城,1100,http://xa.58.com/pinpaigongyu/32081037087928x.shtml?psid=148280799198013963683893154
【合租】等驾坡 海德堡 4室次卧,海德堡,1100,http://xa.58.com/pinpaigongyu/31715492419791x.shtml?psid=148280799198013963683893154
【整租】电子正街 梦想城 1室0厅,梦想城,1496,http://xa.58.com/pinpaigongyu/31340536594349x.shtml?psid=148280799198013963683893154
【合租】等驾坡 海德堡 4室主卧,海德堡,1100,http://xa.58.com/pinpaigongyu/31807089187374x.shtml?psid=148280799198013963683893154
【整租】电子正街 梦想城 1室0厅,梦想城,1378,http://xa.58.com/pinpaigongyu/31342180696632x.shtml?psid=148280799198013963683893154
【整租】电子正街 梦想城 1室0厅,梦想城,1496,http://xa.58.com/pinpaigongyu/31106866067515x.shtml?psid=148280799198013963683893154
【整租】青稞公寓 电子正街 梦想城C,电子正街,1100-1400,http://xa.58.com/pinpaigongyu/32083121150798x.shtml?psid=148280799198013963683893154
【整租】青稞公寓 电子正街 梦想城C,电子正街,1270-1496,http://xa.58.com/pinpaigongyu/32083069773878x.shtml?psid=148280799198013963683893154
【整租】电子正街 梦想城 1室0厅,梦想城,1496,http://xa.58.com/pinpaigongyu/31341653943730x.shtml?psid=148280799198013963683893154
【整租】电子正街 梦想城 1室0厅,梦想城,1378,http://xa.58.com/pinpaigongyu/31453466853053x.shtml?psid=117950555198013963736786607
【整租】好熙家 电子正街 梦想城L7,电子正街,1376-1496,http://xa.58.com/pinpaigongyu/31740796580401x.shtml?psid=117950555198013963736786607
【整租】电子正街 梦想城 1室0厅,梦想城,1270,http://xa.58.com/pinpaigongyu/31341695695800x.shtml?psid=117950555198013963736786607
【整租】青稞公寓 电子正街 梦想城总店F,电子正街,1100-1200,http://xa.58.com/pinpaigongyu/32028148455373x.shtml?psid=117950555198013963736786607
【整租】电子正街 梦想城 1室0厅,梦想城,1200,http://xa.58.com/pinpaigongyu/31329421491130x.shtml?psid=117950555198013963736786607
【整租】青稞公寓 电子正街 梦想城WW,电子正街,1300-1496,http://xa.58.com/pinpaigongyu/32017041197904x.shtml?psid=117950555198013963736786607
【整租】电子正街 梦想城 1室0厅,梦想城,1378,http://xa.58.com/pinpaigongyu/31374850185021x.shtml?psid=117950555198013963736786607
【整租】电子正街 梦想城 1室0厅,梦想城,1300,http://xa.58.com/pinpaigongyu/31473955490605x.shtml?psid=117950555198013963736786607
【整租】电子正街 梦想城 1室0厅,梦想城,1200,http://xa.58.com/pinpaigongyu/31485708543020x.shtml?psid=117950555198013963736786607
【整租】电子正街 梦想城 1室0厅,梦想城,1200,http://xa.58.com/pinpaigongyu/31418305678515x.shtml?psid=117950555198013963736786607
【合租】明德门 明德华园大厦 5室主卧,明德华园大厦,1100,http://xa.58.com/pinpaigongyu/31971660041528x.shtml?psid=117950555198013963736786607
【整租】电子正街 梦想城 1室0厅,梦想城,1378,http://xa.58.com/pinpaigongyu/31451189556560x.shtml?psid=117950555198013963736786607
【整租】电子正街 梦想城 1室0厅,梦想城,1388,http://xa.58.com/pinpaigongyu/31451197524021x.shtml?psid=117950555198013963736786607
【合租】明德门 鑫泰园西区 5室主卧,鑫泰园西区,1200,http://xa.58.com/pinpaigongyu/31748062521926x.shtml?psid=117950555198013963736786607
【整租】电子正街 梦想城 1室0厅,梦想城,1378,http://xa.58.com/pinpaigongyu/31340622115002x.shtml?psid=117950555198013963736786607
【整租】电子正街 梦想城 1室0厅,梦想城,1496,http://xa.58.com/pinpaigongyu/31759405652161x.shtml?psid=117950555198013963736786607
【整租】电子正街 梦想城 1室0厅,梦想城,1378,http://xa.58.com/pinpaigongyu/31719425053263x.shtml?psid=117950555198013963736786607
【整租】电子正街 梦想城 1室0厅,梦想城,1378,http://xa.58.com/pinpaigongyu/31727757912876x.shtml?psid=117950555198013963736786607
【整租】电子正街 梦想城 1室0厅,梦想城,1496,http://xa.58.com/pinpaigongyu/31329024353967x.shtml?psid=117950555198013963736786607
【整租】电子正街 梦想城 1室0厅,梦想城,1442,http://xa.58.com/pinpaigongyu/31707727929674x.shtml?psid=117950555198013963736786607
【整租】电子正街 梦想城 1室0厅,梦想城,1442,http://xa.58.com/pinpaigongyu/31872895280819x.shtml?psid=124799619198013963808919166
【整租】好熙家 电子正街 梦想城L9,电子正街,1378-1496,http://xa.58.com/pinpaigongyu/31729786532408x.shtml?psid=124799619198013963808919166
【整租】电子正街 梦想城 1室0厅,梦想城,1496,http://xa.58.com/pinpaigongyu/31704024535489x.shtml?psid=124799619198013963808919166
【整租】好熙家 电子正街 梦想城L1,电子正街,1376-1496,http://xa.58.com/pinpaigongyu/31707448975277x.shtml?psid=124799619198013963808919166
【合租】等驾坡 海德堡 4室次卧,海德堡,1050,http://xa.58.com/pinpaigongyu/31530397579215x.shtml?psid=124799619198013963808919166
【整租】青稞公寓 电子正街 梦想城C,电子正街,1100-1496,http://xa.58.com/pinpaigongyu/31972945186734x.shtml?psid=124799619198013963808919166
【整租】电子正街 梦想城 1室0厅,梦想城,1378,http://xa.58.com/pinpaigongyu/31341977262150x.shtml?psid=124799619198013963808919166
【整租】青稞公寓 电子正街 梦想城F,电子正街,1100-1496,http://xa.58.com/pinpaigongyu/32005841010242x.shtml?psid=124799619198013963808919166
【整租】电子正街 梦想城 1室0厅,梦想城,1100,http://xa.58.com/pinpaigongyu/31718337511214x.shtml?psid=124799619198013963808919166
【整租】电子正街 梦想城 1室0厅,梦想城,1200,http://xa.58.com/pinpaigongyu/31759816685367x.shtml?psid=124799619198013963808919166
【整租】电子正街 梦想城 1室0厅,梦想城,1205,http://xa.58.com/pinpaigongyu/31903513575245x.shtml?psid=124799619198013963808919166
【整租】电子正街 梦想城 1室0厅,梦想城,1496,http://xa.58.com/pinpaigongyu/31318903566924x.shtml?psid=124799619198013963808919166
【整租】电子正街 梦想城 1室0厅,梦想城,1150,http://xa.58.com/pinpaigongyu/31872939308340x.shtml?psid=124799619198013963808919166
【整租】电子正街 梦想城 1室0厅,梦想城,1442,http://xa.58.com/pinpaigongyu/31727463594169x.shtml?psid=124799619198013963808919166
【整租】电子正街 梦想城 1室0厅,梦想城,1378,http://xa.58.com/pinpaigongyu/31749913483310x.shtml?psid=124799619198013963808919166
【整租】电子正街 梦想城 1室0厅,梦想城,1378,http://xa.58.com/pinpaigongyu/31262733188422x.shtml?psid=124799619198013963808919166
【整租】电子正街 梦想城 1室0厅,梦想城,1496,http://xa.58.com/pinpaigongyu/31328871365823x.shtml?psid=124799619198013963808919166
【整租】电子正街 梦想城 1室0厅,梦想城,1378,http://xa.58.com/pinpaigongyu/31717855320758x.shtml?psid=124799619198013963808919166
【整租】电子正街 梦想城 1室0厅,梦想城,1100,http://xa.58.com/pinpaigongyu/31718525080495x.shtml?psid=124799619198013963808919166
【整租】电子正街 梦想城 1室0厅,梦想城,1378,http://xa.58.com/pinpaigongyu/31174975157709x.shtml?psid=124799619198013963808919166
【整租】好熙家 电子正街 梦想城秦,电子正街,1000-1496,http://xa.58.com/pinpaigongyu/31696525049386x.shtml?psid=148582958198013963861325500
【整租】好熙家 电子正街 梦想城总店2,电子正街,1100-1200,http://xa.58.com/pinpaigongyu/31729130779977x.shtml?psid=148582958198013963861325500
【整租】电子正街 梦想城 1室0厅,梦想城,1378,http://xa.58.com/pinpaigongyu/31341377250359x.shtml?psid=148582958198013963861325500
【整租】电子正街 梦想城 1室0厅,梦想城,1100,http://xa.58.com/pinpaigongyu/31726704545870x.shtml?psid=148582958198013963861325500
【整租】电子正街 梦想城 1室0厅,梦想城,1378,http://xa.58.com/pinpaigongyu/31727186168769x.shtml?psid=148582958198013963861325500
【整租】青稞公寓 电子正街 梦想城-FAN,电子正街,1100-1378,http://xa.58.com/pinpaigongyu/32039081237678x.shtml?psid=148582958198013963861325500
【整租】电子正街 梦想城 1室0厅,梦想城,1496,http://xa.58.com/pinpaigongyu/31727384281398x.shtml?psid=148582958198013963861325500
【整租】电子正街 梦想城 1室0厅,梦想城,1378,http://xa.58.com/pinpaigongyu/31329032786742x.shtml?psid=148582958198013963861325500
【整租】电子正街 梦想城 1室0厅,梦想城,1496,http://xa.58.com/pinpaigongyu/31329056360380x.shtml?psid=148582958198013963861325500
【合租】电视塔 华城泊郡 4室主卧,华城泊郡,1000,http://xa.58.com/pinpaigongyu/32082275073729x.shtml?psid=148582958198013963861325500
【整租】电子正街 梦想城 1室1厅,梦想城,1200,http://xa.58.com/pinpaigongyu/31795113068880x.shtml?psid=148582958198013963861325500
【整租】电子正街 梦想城 1室0厅,梦想城,1496,http://xa.58.com/pinpaigongyu/31206661556547x.shtml?psid=148582958198013963861325500
【整租】电子正街 梦想城 1室0厅,梦想城,1496,http://xa.58.com/pinpaigongyu/31374775220270x.shtml?psid=148582958198013963861325500
【整租】电子正街 梦想城 1室0厅,梦想城,1496,http://xa.58.com/pinpaigongyu/31229232842959x.shtml?psid=148582958198013963861325500
【整租】电子正街 梦想城 1室0厅,梦想城,1200,http://xa.58.com/pinpaigongyu/31716150941107x.shtml?psid=148582958198013963861325500
【整租】电子正街 梦想城 1室0厅,梦想城,1200,http://xa.58.com/pinpaigongyu/32081360405425x.shtml?psid=148582958198013963861325500
【整租】青稞公寓 电子正街 梦想城总店F,电子正街,1100-1560,http://xa.58.com/pinpaigongyu/32057998507954x.shtml?psid=148582958198013963861325500
【整租】青稞公寓 电子正街 梦想城总店F,电子正街,1100-1200,http://xa.58.com/pinpaigongyu/32038967263423x.shtml?psid=148582958198013963861325500
【整租】电子正街 梦想城 1室0厅,梦想城,1100,http://xa.58.com/pinpaigongyu/32082463686844x.shtml?psid=148582958198013963861325500
【合租】等驾坡 海德堡 4室主卧,海德堡,1050,http://xa.58.com/pinpaigongyu/31463606208563x.shtml?psid=148582958198013963861325500
【整租】青稞公寓 电子正街 梦想城总店F,电子正街,1100-1380,http://xa.58.com/pinpaigongyu/32050365440567x.shtml?psid=176808216198013963917808360
【整租】好熙家 电子正街 梦想城L,电子正街,1376-1500,http://xa.58.com/pinpaigongyu/31707431103801x.shtml?psid=176808216198013963917808360
【整租】电子正街 梦想城 1室0厅,梦想城,1200,http://xa.58.com/pinpaigongyu/32091336856747x.shtml?psid=176808216198013963917808360
【整租】电子正街 梦想城 1室0厅,梦想城,1100,http://xa.58.com/pinpaigongyu/32072259780172x.shtml?psid=176808216198013963917808360
【整租】电子正街 梦想城 1室0厅,梦想城,1100,http://xa.58.com/pinpaigongyu/32069312421937x.shtml?psid=176808216198013963917808360
【整租】青稞公寓 电子正街 梦想城总店F,电子正街,1000-1200,http://xa.58.com/pinpaigongyu/32083147599049x.shtml?psid=176808216198013963917808360
【整租】电子正街 梦想城 1室0厅,梦想城,1100,http://xa.58.com/pinpaigongyu/31926802776381x.shtml?psid=176808216198013963917808360
【整租】电子正街 梦想城 1室0厅,梦想城,1300,http://xa.58.com/pinpaigongyu/31461710425651x.shtml?psid=176808216198013963917808360
【整租】电子正街 梦想城 1室0厅,梦想城,1290,http://xa.58.com/pinpaigongyu/31871893401037x.shtml?psid=176808216198013963917808360
【整租】电子正街 梦想城 1室0厅,梦想城,1400,http://xa.58.com/pinpaigongyu/31916622286648x.shtml?psid=176808216198013963917808360
【整租】电子正街 梦想城 1室0厅,梦想城,1400,http://xa.58.com/pinpaigongyu/31914330897588x.shtml?psid=176808216198013963917808360
【整租】电子正街 梦想城 1室0厅,梦想城,1496,http://xa.58.com/pinpaigongyu/31485692971575x.shtml?psid=176808216198013963917808360
【整租】电子正街 梦想城 1室0厅,梦想城,1100,http://xa.58.com/pinpaigongyu/31440078532172x.shtml?psid=176808216198013963917808360
【整租】电子正街 梦想城 1室0厅,梦想城,1100,http://xa.58.com/pinpaigongyu/31441752506437x.shtml?psid=176808216198013963917808360
【整租】电子正街 梦想城 1室0厅,梦想城,1200,http://xa.58.com/pinpaigongyu/31374913356094x.shtml?psid=176808216198013963917808360
【整租】电子正街 梦想城 1室0厅,梦想城,1200,http://xa.58.com/pinpaigongyu/31472912231881x.shtml?psid=176808216198013963917808360
【整租】电子正街 梦想城 1室0厅,梦想城,1400,http://xa.58.com/pinpaigongyu/31484527524813x.shtml?psid=176808216198013963917808360
【整租】电子正街 梦想城 1室0厅,梦想城,1100,http://xa.58.com/pinpaigongyu/31494465369517x.shtml?psid=176808216198013963917808360
【整租】电子正街 梦想城 1室0厅,梦想城,1200,http://xa.58.com/pinpaigongyu/32091365277619x.shtml?psid=176808216198013963917808360
【整租】电子正街 梦想城 1室0厅,梦想城,1200,http://xa.58.com/pinpaigongyu/31539260531534x.shtml?psid=176808216198013963917808360
【整租】电子正街 梦想城 1室0厅,梦想城,1388,http://xa.58.com/pinpaigongyu/31462257302334x.shtml?psid=106296153198013963970911268
【整租】好熙家 电子正街 梦想城L6,电子正街,1376-1496,http://xa.58.com/pinpaigongyu/31707438386733x.shtml?psid=106296153198013963970911268
【整租】电子正街 梦想城 1室0厅,梦想城,1400,http://xa.58.com/pinpaigongyu/31394442043595x.shtml?psid=106296153198013963970911268
【整租】电子正街 梦想城 1室0厅,梦想城,1290,http://xa.58.com/pinpaigongyu/31395052387270x.shtml?psid=106296153198013963970911268
【整租】电子正街 梦想城 1室0厅,梦想城,1200,http://xa.58.com/pinpaigongyu/31398210473014x.shtml?psid=106296153198013963970911268
【整租】青稞公寓 电子正街 梦想城-FAN,电子正街,1000-1100,http://xa.58.com/pinpaigongyu/32039077119051x.shtml?psid=106296153198013963970911268
【整租】电子正街 梦想城 1室0厅,梦想城,1200,http://xa.58.com/pinpaigongyu/31440105882439x.shtml?psid=106296153198013963970911268
【整租】电子正街 梦想城 1室0厅,梦想城,1400,http://xa.58.com/pinpaigongyu/31484492609090x.shtml?psid=106296153198013963970911268
【整租】电子正街 梦想城 1室0厅,梦想城,1200,http://xa.58.com/pinpaigongyu/32080483722696x.shtml?psid=106296153198013963970911268
【整租】电子正街 梦想城 1室0厅,梦想城,1378,http://xa.58.com/pinpaigongyu/31914305681478x.shtml?psid=106296153198013963970911268
【整租】电子正街 梦想城 1室0厅,梦想城,1290,http://xa.58.com/pinpaigongyu/31363234123080x.shtml?psid=106296153198013963970911268
【整租】电子正街 梦想城 1室0厅,梦想城,1378,http://xa.58.com/pinpaigongyu/31372710471864x.shtml?psid=106296153198013963970911268
【整租】电子正街 梦想城 1室0厅,梦想城,1100,http://xa.58.com/pinpaigongyu/32091329512394x.shtml?psid=106296153198013963970911268
【整租】电子正街 梦想城 1室0厅,梦想城,1200,http://xa.58.com/pinpaigongyu/31560234371405x.shtml?psid=106296153198013963970911268
【整租】电子正街 梦想城 1室0厅,梦想城,1290,http://xa.58.com/pinpaigongyu/31395027157057x.shtml?psid=106296153198013963970911268
【整租】电子正街 梦想城 1室0厅,梦想城,1100,http://xa.58.com/pinpaigongyu/31438488528576x.shtml?psid=106296153198013963970911268
【整租】电子正街 梦想城 1室0厅,梦想城,1200,http://xa.58.com/pinpaigongyu/31451026343860x.shtml?psid=106296153198013963970911268
【整租】电子正街 梦想城 1室0厅,梦想城,1378,http://xa.58.com/pinpaigongyu/31496121943862x.shtml?psid=106296153198013963970911268
【整租】电子正街 梦想城 1室0厅,梦想城,1000,http://xa.58.com/pinpaigongyu/32080449399371x.shtml?psid=106296153198013963970911268
【整租】电子正街 梦想城 1室0厅,梦想城,1200,http://xa.58.com/pinpaigongyu/32080295696071x.shtml?psid=106296153198013963970911268
【整租】电子正街 梦想城 1室0厅,梦想城,1100,http://xa.58.com/pinpaigongyu/32072319599658x.shtml?psid=183830849198013964034427103
【整租】好熙家 电子正街 梦想城L9,电子正街,1378-1496,http://xa.58.com/pinpaigongyu/31729772394953x.shtml?psid=183830849198013964034427103
【整租】电子正街 梦想城 1室0厅,梦想城,1200,http://xa.58.com/pinpaigongyu/32057784462126x.shtml?psid=183830849198013964034427103
【整租】电子正街 梦想城 1室0厅,梦想城,1378,http://xa.58.com/pinpaigongyu/31926846016194x.shtml?psid=183830849198013964034427103
【整租】电子正街 梦想城 1室0厅,梦想城,1200,http://xa.58.com/pinpaigongyu/31427599347643x.shtml?psid=183830849198013964034427103
【整租】青稞公寓 电子正街 梦想城J,电子正街,1100-1200,http://xa.58.com/pinpaigongyu/32069044009902x.shtml?psid=183830849198013964034427103
【整租】电子正街 梦想城 1室1厅,梦想城,1200,http://xa.58.com/pinpaigongyu/32091377489590x.shtml?psid=183830849198013964034427103
【整租】电子正街 梦想城 1室0厅,梦想城,1200,http://xa.58.com/pinpaigongyu/32080603566286x.shtml?psid=183830849198013964034427103
【整租】电子正街 梦想城 1室0厅,梦想城,1000,http://xa.58.com/pinpaigongyu/32080374886462x.shtml?psid=183830849198013964034427103
【整租】电子正街 梦想城 1室0厅,梦想城,1200,http://xa.58.com/pinpaigongyu/31397597528773x.shtml?psid=183830849198013964034427103
【整租】电子正街 梦想城 1室0厅,梦想城,1200,http://xa.58.com/pinpaigongyu/31461874894528x.shtml?psid=183830849198013964034427103
【整租】电子正街 梦想城 1室0厅,梦想城,1200,http://xa.58.com/pinpaigongyu/31441731013034x.shtml?psid=183830849198013964034427103
【整租】电子正街 梦想城 1室0厅,梦想城,1100,http://xa.58.com/pinpaigongyu/31374870731444x.shtml?psid=183830849198013964034427103
【整租】电子正街 梦想城 1室0厅,梦想城,1100,http://xa.58.com/pinpaigongyu/32091424877756x.shtml?psid=183830849198013964034427103
【整租】电子正街 梦想城 1室0厅,梦想城,1200,http://xa.58.com/pinpaigongyu/32091357992656x.shtml?psid=183830849198013964034427103
【整租】电子正街 梦想城 1室0厅,梦想城,1000,http://xa.58.com/pinpaigongyu/32080411864638x.shtml?psid=183830849198013964034427103
【整租】电子正街 梦想城 1室0厅,梦想城,1000,http://xa.58.com/pinpaigongyu/32080403641926x.shtml?psid=183830849198013964034427103
【整租】电子正街 梦想城 1室0厅,梦想城,1000,http://xa.58.com/pinpaigongyu/32080332692792x.shtml?psid=183830849198013964034427103
【整租】电子正街 梦想城 1室0厅,梦想城,1200,http://xa.58.com/pinpaigongyu/31914412674858x.shtml?psid=183830849198013964034427103
【整租】电子正街 梦想城 1室0厅,梦想城,1378,http://xa.58.com/pinpaigongyu/31330934943303x.shtml?psid=183830849198013964034427103
【整租】电子正街 梦想城 1室0厅,梦想城,1496,http://xa.58.com/pinpaigongyu/31341621190091x.shtml?psid=125985363198013964077351898
【整租】好熙家 电子正街 梦想城02,电子正街,1378-1496,http://xa.58.com/pinpaigongyu/31729603121963x.shtml?psid=125985363198013964077351898
【整租】电子正街 梦想城 1室0厅,梦想城,1496,http://xa.58.com/pinpaigongyu/31418352266699x.shtml?psid=125985363198013964077351898
【整租】电子正街 梦想城 1室0厅,梦想城,1100,http://xa.58.com/pinpaigongyu/31473132802893x.shtml?psid=125985363198013964077351898
【整租】电子正街 梦想城 1室0厅,梦想城,1100,http://xa.58.com/pinpaigongyu/32091383865934x.shtml?psid=125985363198013964077351898
【整租】青稞公寓 电子正街 梦想城,电子正街,1100-1496,http://xa.58.com/pinpaigongyu/31903824937933x.shtml?psid=125985363198013964077351898
【整租】电子正街 梦想城 1室0厅,梦想城,1496,http://xa.58.com/pinpaigongyu/31914452731193x.shtml?psid=125985363198013964077351898
【整租】电子正街 梦想城 1室0厅,梦想城,1378,http://xa.58.com/pinpaigongyu/31331095751500x.shtml?psid=125985363198013964077351898
【整租】电子正街 梦想城 1室0厅,梦想城,1200,http://xa.58.com/pinpaigongyu/31438465254223x.shtml?psid=125985363198013964077351898
【整租】电子正街 梦想城 1室0厅,梦想城,1200,http://xa.58.com/pinpaigongyu/31439484997303x.shtml?psid=125985363198013964077351898
【整租】电子正街 梦想城 1室0厅,梦想城,1378,http://xa.58.com/pinpaigongyu/31484440676542x.shtml?psid=125985363198013964077351898
【整租】电子正街 梦想城 1室0厅,梦想城,1200,http://xa.58.com/pinpaigongyu/31484512667954x.shtml?psid=125985363198013964077351898
【整租】电子正街 梦想城 1室0厅,梦想城,1100,http://xa.58.com/pinpaigongyu/31494444112717x.shtml?psid=125985363198013964077351898
【整租】电子正街 梦想城 1室0厅,梦想城,1200,http://xa.58.com/pinpaigongyu/31329514238664x.shtml?psid=125985363198013964077351898
【整租】电子正街 梦想城 1室0厅,梦想城,1100,http://xa.58.com/pinpaigongyu/32091414391612x.shtml?psid=125985363198013964077351898
【整租】电子正街 梦想城 1室0厅,梦想城,1100,http://xa.58.com/pinpaigongyu/32091351015236x.shtml?psid=125985363198013964077351898
【整租】电子正街 梦想城 1室0厅,梦想城,1200,http://xa.58.com/pinpaigongyu/32069205638200x.shtml?psid=125985363198013964077351898
【整租】电子正街 梦想城 1室0厅,梦想城,1400,http://xa.58.com/pinpaigongyu/31394426901441x.shtml?psid=125985363198013964077351898
【整租】电子正街 梦想城 1室0厅,梦想城,1100,http://xa.58.com/pinpaigongyu/31427513965614x.shtml?psid=125985363198013964077351898
【整租】电子正街 梦想城 1室0厅,梦想城,1200,http://xa.58.com/pinpaigongyu/31427553335858x.shtml?psid=125985363198013964077351898
【整租】电子正街 梦想城 1室0厅,梦想城,1100,http://xa.58.com/pinpaigongyu/31438499302850x.shtml?psid=140668873198013964128104910
【整租】好熙家 电子正街 梦想城L8,电子正街,1378-1496,http://xa.58.com/pinpaigongyu/31729213543237x.shtml?psid=140668873198013964128104910
【整租】电子正街 梦想城 1室0厅,梦想城,1200,http://xa.58.com/pinpaigongyu/31461903009591x.shtml?psid=140668873198013964128104910
【整租】电子正街 梦想城 1室0厅,梦想城,1100,http://xa.58.com/pinpaigongyu/31418328080959x.shtml?psid=140668873198013964128104910
【整租】电子正街 梦想城 1室0厅,梦想城,1150,http://xa.58.com/pinpaigongyu/32080490944576x.shtml?psid=140668873198013964128104910
【整租】青稞公寓 电子正街 梦想城J,电子正街,1200-1400,http://xa.58.com/pinpaigongyu/32069041026636x.shtml?psid=140668873198013964128104910
【整租】电子正街 梦想城 1室0厅,梦想城,1400,http://xa.58.com/pinpaigongyu/31350681222570x.shtml?psid=140668873198013964128104910
【整租】电子正街 梦想城 1室0厅,梦想城,1400,http://xa.58.com/pinpaigongyu/31394401954242x.shtml?psid=140668873198013964128104910
【整租】电子正街 梦想城 1室0厅,梦想城,1400,http://xa.58.com/pinpaigongyu/31342188231593x.shtml?psid=140668873198013964128104910
【整租】电子正街 梦想城 1室0厅,梦想城,1100,http://xa.58.com/pinpaigongyu/32072298128565x.shtml?psid=140668873198013964128104910
【整租】电子正街 梦想城 1室0厅,梦想城,1200,http://xa.58.com/pinpaigongyu/31474018669364x.shtml?psid=140668873198013964128104910
【整租】电子正街 梦想城 1室0厅,梦想城,1400,http://xa.58.com/pinpaigongyu/31363280646706x.shtml?psid=140668873198013964128104910
【整租】电子正街 梦想城 1室0厅,梦想城,1290,http://xa.58.com/pinpaigongyu/31375335182017x.shtml?psid=140668873198013964128104910
【整租】电子正街 梦想城 1室0厅,梦想城,1000,http://xa.58.com/pinpaigongyu/31429262343239x.shtml?psid=140668873198013964128104910
【整租】电子正街 梦想城 1室0厅,梦想城,1200,http://xa.58.com/pinpaigongyu/31408620625356x.shtml?psid=140668873198013964128104910
【整租】电子正街 梦想城 1室0厅,梦想城,1100,http://xa.58.com/pinpaigongyu/31938998015801x.shtml?psid=140668873198013964128104910
【整租】电子正街 梦想城 1室0厅,梦想城,1000,http://xa.58.com/pinpaigongyu/32091391893171x.shtml?psid=140668873198013964128104910
【整租】电子正街 梦想城 1室0厅,梦想城,1200,http://xa.58.com/pinpaigongyu/32091321864634x.shtml?psid=140668873198013964128104910
【整租】电子正街 梦想城 1室0厅,梦想城,1000,http://xa.58.com/pinpaigongyu/32080425604792x.shtml?psid=140668873198013964128104910
【整租】电子正街 梦想城 1室0厅,梦想城,1100,http://xa.58.com/pinpaigongyu/31397572807883x.shtml?psid=140668873198013964128104910
